Level,Date and Time,Source,Event ID,Task Category,hour,dayofweek,is_offhours,keyword_hit,if_pred,anomaly_score,combined_flag
11/9/2025 4:21:52 PM,Microsoft-Windows-DistributedCOM,10016,0,"The machine-default permission settings do not grant Local Activation permission for the COM Server application with CLSID 
{C2F03A33-21F5-47FA-B4BB-156362A2F239}
 and APPID 
{316CDED5-E4AE-4B15-9113-7055D84DCC97}
 to the user DESKTOP-9TLL92I\there SID (S-1-5-21-3411010233-2215703566-297523676-1001) from address LocalHost (Using LRPC) running in the application container Microsoft.Windows.ShellExperienceHost_10.0.19041.3636_neutral_neutral_cw5n1h2txyewy SID (S-1-15-2-155514346-2573954481-755741238-1654018636-1233331829-3075935687-2861478708). This security permission can be modified using the Component Services administrative tool.",0,0,1,0,1,-0.02300708030017884,1
11/9/2025 4:21:28 PM,Microsoft-Windows-DistributedCOM,10016,0,"The machine-default permission settings do not grant Local Activation permission for the COM Server application with CLSID 
{C2F03A33-21F5-47FA-B4BB-156362A2F239}
 and APPID 
{316CDED5-E4AE-4B15-9113-7055D84DCC97}
 to the user DESKTOP-9TLL92I\there SID (S-1-5-21-3411010233-2215703566-297523676-1001) from address LocalHost (Using LRPC) running in the application container Microsoft.Windows.ShellExperienceHost_10.0.19041.3636_neutral_neutral_cw5n1h2txyewy SID (S-1-15-2-155514346-2573954481-755741238-1654018636-1233331829-3075935687-2861478708). This security permission can be modified using the Component Services administrative tool.",0,0,1,0,1,-0.022276450781308188,1
11/9/2025 4:18:53 PM,Service Control Manager,7040,0,The start type of the Background Intelligent Transfer Service service was changed from demand start to auto start.,0,0,1,0,1,-0.021534209090823986,1
11/9/2025 4:16:27 PM,Service Control Manager,7040,0,The start type of the Background Intelligent Transfer Service service was changed from auto start to demand start.,0,0,1,0,1,-0.027539894004267096,1
11/9/2025 4:15:36 PM,Microsoft-Windows-Kernel-General,16,0,The access history in hive \??\C:\Users\there\AppData\Local\Packages\MicrosoftWindows.Client.CBS_cw5n1h2txyewy\Settings\settings.dat was cleared updating 3 keys and creating 1 modified pages.,0,0,1,0,1,-0.027052034364391353,1
11/9/2025 4:14:48 PM,Service Control Manager,7040,0,The start type of the Remote Access Connection Manager service was changed from demand start to auto start.,0,0,1,0,1,-0.0298000456914157,1
11/9/2025 4:14:48 PM,Service Control Manager,7040,0,The start type of the Remote Access IP ARP Driver service was changed from demand start to auto start.,0,0,1,0,1,-0.0298000456914157,1
11/9/2025 4:14:37 PM,Microsoft-Windows-Kernel-General,16,0,The access history in hive \??\C:\Users\there\AppData\Local\Packages\Microsoft.Windows.Photos_8wekyb3d8bbwe\Settings\settings.dat was cleared updating 3 keys and creating 1 modified pages.,0,0,1,0,1,-0.030583741893032645,1
11/9/2025 4:14:24 PM,Microsoft-Windows-Kernel-General,16,0,The access history in hive \??\C:\Users\there\AppData\Local\Packages\Microsoft.Windows.ShellExperienceHost_cw5n1h2txyewy\Settings\settings.dat was cleared updating 3 keys and creating 1 modified pages.,0,0,1,0,1,-0.02908484345105028,1
11/9/2025 4:14:24 PM,Microsoft-Windows-Kernel-General,16,0,The access history in hive \??\C:\Users\there\AppData\Local\Packages\microsoft.windowscommunicationsapps_8wekyb3d8bbwe\Settings\settings.dat was cleared updating 3 keys and creating 1 modified pages.,0,0,1,0,1,-0.026289868321645204,1
11/9/2025 4:14:15 PM,Microsoft-Windows-DistributedCOM,10016,0,"The machine-default permission settings do not grant Local Activation permission for the COM Server application with CLSID 
{C2F03A33-21F5-47FA-B4BB-156362A2F239}
 and APPID 
{316CDED5-E4AE-4B15-9113-7055D84DCC97}
 to the user DESKTOP-9TLL92I\there SID (S-1-5-21-3411010233-2215703566-297523676-1001) from address LocalHost (Using LRPC) running in the application container Microsoft.Windows.ShellExperienceHost_10.0.19041.3636_neutral_neutral_cw5n1h2txyewy SID (S-1-15-2-155514346-2573954481-755741238-1654018636-1233331829-3075935687-2861478708). This security permission can be modified using the Component Services administrative tool.",0,0,1,0,1,-0.014547408274159568,1
11/9/2025 4:14:14 PM,Service Control Manager,7040,0,The start type of the Background Intelligent Transfer Service service was changed from demand start to auto start.,0,0,1,0,1,-0.024346581751914675,1
11/9/2025 4:12:44 PM,Microsoft-Windows-Kernel-General,16,0,The access history in hive \??\C:\Users\there\AppData\Local\Packages\Microsoft.AAD.BrokerPlugin_cw5n1h2txyewy\Settings\settings.dat was cleared updating 3 keys and creating 1 modified pages.,0,0,1,0,1,-0.0277559555768091,1
11/9/2025 4:12:40 PM,Microsoft-Windows-Kernel-General,16,0,The access history in hive \??\C:\Users\there\AppData\Local\Packages\Microsoft.Windows.Search_cw5n1h2txyewy\Settings\settings.dat was cleared updating 3 keys and creating 1 modified pages.,0,0,1,0,1,-0.026940399116016034,1
11/9/2025 4:12:36 PM,Microsoft-Windows-Kernel-General,16,0,The access history in hive \??\C:\Users\there\AppData\Local\Packages\Microsoft.Windows.StartMenuExperienceHost_cw5n1h2txyewy\Settings\settings.dat was cleared updating 3 keys and creating 1 modified pages.,0,0,1,0,1,-0.02843181478120682,1
11/9/2025 4:12:36 PM,Microsoft-Windows-Kernel-General,16,0,The access history in hive \??\C:\Users\there\AppData\Local\Packages\Microsoft.Windows.ContentDeliveryManager_cw5n1h2txyewy\Settings\settings.dat was cleared updating 3 keys and creating 1 modified pages.,0,0,1,0,1,-0.028345723402998457,1
11/9/2025 4:12:20 PM,Microsoft-Windows-Kernel-General,1,5,"The system time has changed to ‎2025‎-‎11‎-‎09T10:42:20.076743700Z from ‎2025‎-‎11‎-‎09T10:42:20.076743700Z.

Change Reason: System time adjusted to the new time zone.
Process: '\Device\HarddiskVolume2\Windows\System32\dllhost.exe' (PID 4588).",0,0,1,0,1,-0.033919163046141954,1
11/9/2025 4:12:20 PM,Microsoft-Windows-Kernel-General,24,11,The time zone information was refreshed with exit reason 0. Current time zone bias is -330.,0,0,1,0,1,-0.035860243242706424,1
11/9/2025 4:12:20 PM,Microsoft-Windows-Kernel-General,22,8,The time zone bias has changed to -330 from 480.,0,0,1,0,1,-0.04003464141490776,1
11/9/2025 4:12:01 PM,Microsoft-Windows-GroupPolicy,1501,0,The Group Policy settings for the user were processed successfully. There were no changes detected since the last successful processing of Group Policy.,0,0,1,0,1,-0.039161493155429994,1
11/9/2025 4:12:01 PM,Microsoft-Windows-Winlogon,7001,1101,User Logon Notification for Customer Experience Improvement Program,0,0,1,0,1,-0.03616331505207049,1
11/9/2025 4:11:59 PM,Microsoft-Windows-Winlogon,7002,1102,User Logoff Notification for Customer Experience Improvement Program,0,0,1,0,1,-0.04025094470276014,1
11/9/2025 4:05:42 PM,Service Control Manager,7040,0,The start type of the Windows Modules Installer service was changed from auto start to demand start.,0,0,1,0,1,-0.027114768409116585,1
11/9/2025 4:01:48 PM,Microsoft-Windows-Kernel-General,16,0,The access history in hive \??\C:\Users\defaultuser0\AppData\Local\Packages\MicrosoftWindows.Client.CBS_cw5n1h2txyewy\Settings\settings.dat was cleared updating 3 keys and creating 1 modified pages.,0,0,1,0,1,-0.031159862428390306,1
11/9/2025 4:01:09 PM,Microsoft-Windows-WindowsUpdateClient,20,0,Installation Failure: Windows failed to install the following update with error 0x8024200B: 2022-11 Update for Windows 10 Version 22H2 for x64-based Systems (KB5020683).,0,0,1,0,1,-0.03595592941659331,1
11/9/2025 4:00:28 PM,Service Control Manager,7040,0,The start type of the Windows Modules Installer service was changed from demand start to auto start.,0,0,1,0,1,-0.029543733025438834,1
11/9/2025 4:00:27 PM,Service Control Manager,7040,0,The start type of the Windows Modules Installer service was changed from auto start to demand start.,0,0,1,0,1,-0.027779183358827675,1
11/9/2025 3:59:08 PM,Service Control Manager,7040,0,The start type of the Windows Modules Installer service was changed from demand start to auto start.,0,0,1,0,1,-0.030295619429731357,1
11/9/2025 3:59:06 PM,Microsoft-Windows-WindowsUpdateClient,43,0,Installation Started: Windows has started installing the following update: 2022-11 Update for Windows 10 Version 22H2 for x64-based Systems (KB5020683),0,0,1,0,1,-0.03552193950406418,1
11/9/2025 3:57:44 PM,Microsoft-Windows-WindowsUpdateClient,44,0,Windows Update started downloading an update.,0,0,1,0,1,-0.02908313226152609,1
11/9/2025 3:57:40 PM,Service Control Manager,7040,0,The start type of the Delivery Optimization service was changed from demand start to auto start.,0,0,1,0,1,-0.028601133762211906,1
11/9/2025 3:57:33 PM,Microsoft-Windows-Kernel-General,16,0,The access history in hive \SystemRoot\System32\config\DRIVERS was cleared updating 20342 keys and creating 903 modified pages.,0,0,1,0,1,-0.030583881775017308,1
11/9/2025 3:55:50 PM,Service Control Manager,7040,0,The start type of the Background Intelligent Transfer Service service was changed from auto start to demand start.,0,0,1,0,1,-0.021061934758860312,1
11/9/2025 3:54:32 PM,Microsoft-Windows-Kernel-General,1,5,"The system time has changed to ‎2025‎-‎11‎-‎09T10:24:32.084497100Z from ‎2025‎-‎11‎-‎09T10:24:32.084497100Z.

Change Reason: System time adjusted to the new time zone.
Process: '\Device\HarddiskVolume2\Windows\System32\CloudExperienceHostBroker.exe' (PID 1624).",0,0,1,0,1,-0.035662071622640734,1
11/9/2025 3:54:32 PM,Microsoft-Windows-Kernel-General,24,11,The time zone information was refreshed with exit reason 0. Current time zone bias is 480.,0,0,1,0,1,-0.03673067024556881,1
11/9/2025 3:54:31 PM,Microsoft-Windows-Kernel-General,16,0,The access history in hive \??\C:\Users\Default\NTUSER.DAT was cleared updating 575 keys and creating 34 modified pages.,0,0,1,0,1,-0.020967625172392534,1
11/9/2025 3:54:18 PM,Microsoft-Windows-DistributedCOM,10016,0,"The application-specific permission settings do not grant Local Launch permission for the COM Server application with CLSID 
Windows.SecurityCenter.WscDataProtection
 and APPID 
Unavailable
 to the user NT AUTHORITY\SYSTEM SID (S-1-5-18) from address LocalHost (Using LRPC) running in the application container Unavailable SID (Unavailable). This security permission can be modified using the Component Services administrative tool.",0,0,1,0,1,-0.028994591194785257,1
11/9/2025 3:54:13 PM,Service Control Manager,7040,0,The start type of the Windows Modules Installer service was changed from auto start to demand start.,0,0,1,0,1,-0.027017126737071295,1
11/9/2025 3:54:13 PM,Microsoft-Windows-Kernel-General,16,0,The access history in hive \??\C:\Windows\System32\SMI\Store\Machine\SCHEMA.DAT was cleared updating 15763 keys and creating 2682 modified pages.,0,0,1,0,1,-0.02949117031551407,1
11/9/2025 3:54:05 PM,Service Control Manager,7040,0,The start type of the Windows Modules Installer service was changed from demand start to auto start.,0,0,1,0,1,-0.024673951949031103,1
11/9/2025 3:53:59 PM,Microsoft-Windows-Kernel-General,16,0,The access history in hive \??\C:\Users\defaultuser0\AppData\Local\Packages\Microsoft.AAD.BrokerPlugin_cw5n1h2txyewy\Settings\settings.dat was cleared updating 3 keys and creating 1 modified pages.,0,0,1,0,1,-0.02880845014901834,1
11/9/2025 3:53:38 PM,Microsoft-Windows-DistributedCOM,10016,0,"The machine-default permission settings do not grant Local Activation permission for the COM Server application with CLSID 
{C2F03A33-21F5-47FA-B4BB-156362A2F239}
 and APPID 
{316CDED5-E4AE-4B15-9113-7055D84DCC97}
 to the user DESKTOP-9TLL92I\defaultuser0 SID (S-1-5-21-3411010233-2215703566-297523676-1000) from address LocalHost (Using LRPC) running in the application container Microsoft.Windows.ShellExperienceHost_10.0.19041.3636_neutral_neutral_cw5n1h2txyewy SID (S-1-15-2-155514346-2573954481-755741238-1654018636-1233331829-3075935687-2861478708). This security permission can be modified using the Component Services administrative tool.",0,0,1,0,1,-0.026559507053120768,1
11/9/2025 3:53:14 PM,Microsoft-Windows-Kernel-General,16,0,The access history in hive \??\C:\Users\defaultuser0\AppData\Local\Packages\Microsoft.Windows.ContentDeliveryManager_cw5n1h2txyewy\Settings\settings.dat was cleared updating 3 keys and creating 1 modified pages.,0,0,1,0,1,-0.02625088956571292,1
11/9/2025 3:52:42 PM,Microsoft-Windows-Kernel-General,16,0,The access history in hive \??\C:\Users\defaultuser0\AppData\Local\Packages\Microsoft.Windows.CloudExperienceHost_cw5n1h2txyewy\Settings\settings.dat was cleared updating 3 keys and creating 1 modified pages.,0,0,1,0,1,-0.027385710793700502,1
11/9/2025 3:52:42 PM,Microsoft-Windows-Kernel-General,16,0,The access history in hive \??\C:\Windows\AppCompat\Programs\Amcache.hve was cleared updating 0 keys and creating 0 modified pages.,0,0,1,0,1,-0.026511164326360193,1
11/9/2025 3:52:29 PM,Microsoft-Windows-GroupPolicy,1501,0,The Group Policy settings for the user were processed successfully. There were no changes detected since the last successful processing of Group Policy.,0,0,1,0,1,-0.039290545662874876,1
11/9/2025 3:52:28 PM,Microsoft-Windows-Kernel-General,16,0,The access history in hive \??\C:\Users\defaultuser0\AppData\Local\Microsoft\Windows\UsrClass.dat was cleared updating 6 keys and creating 1 modified pages.,0,0,1,0,1,-0.030578900939966347,1
11/9/2025 3:52:28 PM,Microsoft-Windows-Kernel-General,16,0,The access history in hive \??\C:\Users\defaultuser0\ntuser.dat was cleared updating 584 keys and creating 32 modified pages.,0,0,1,0,1,-0.028162260874854517,1
11/9/2025 3:52:28 PM,Microsoft-Windows-Winlogon,7001,1101,User Logon Notification for Customer Experience Improvement Program,0,0,1,0,1,-0.038360932799639424,1
11/9/2025 3:52:19 PM,Microsoft-Windows-GroupPolicy,1500,0,The Group Policy settings for the computer were processed successfully. There were no changes detected since the last successful processing of Group Policy.,0,0,1,0,1,-0.03941606892655153,1
11/9/2025 3:52:17 PM,Service Control Manager,7040,0,The start type of the Windows Modules Installer service was changed from auto start to demand start.,0,0,1,0,1,-0.02662813112480661,1
11/9/2025 3:52:11 PM,Microsoft-Windows-Kernel-General,1,5,"The system time has changed to ‎2025‎-‎11‎-‎09T10:22:11.722342000Z from ‎2025‎-‎11‎-‎09T10:22:11.700349100Z.

Change Reason: An application or system component changed the time.
Process: '\Device\HarddiskVolume2\Windows\System32\svchost.exe' (PID 1268).",0,0,1,0,1,-0.031091459790445142,1
11/9/2025 3:52:11 PM,Microsoft-Windows-Kernel-General,24,11,The time zone information was refreshed with exit reason 0. Current time zone bias is 480.,0,0,1,0,1,-0.03364988749843151,1
11/9/2025 3:52:11 PM,Microsoft-Windows-TPM-WMI,1281,0,This event triggers the TBS device identifier generation.,0,0,1,0,1,-0.03525853986421801,1
11/9/2025 3:52:07 PM,Service Control Manager,7026,0,"The following boot-start or system-start driver(s) did not load: 
dam",0,0,1,0,1,-0.036087457416509816,1
11/9/2025 3:52:06 PM,Microsoft-Windows-Kernel-General,16,0,The access history in hive \??\C:\Windows\System32\config\COMPONENTS was cleared updating 56474 keys and creating 6504 modified pages.,0,0,1,0,1,-0.024612428419834298,1
11/9/2025 3:52:03 PM,Microsoft-Windows-Kernel-General,1,5,"The system time has changed to ‎2025‎-‎11‎-‎09T10:22:03.824534800Z from ‎2025‎-‎11‎-‎09T10:22:03.819993900Z.

Change Reason: An application or system component changed the time.
Process: '\Device\HarddiskVolume2\Windows\System32\svchost.exe' (PID 1268).",0,0,1,0,1,-0.03436510918303781,1
11/9/2025 3:52:03 PM,Microsoft-Windows-Kernel-General,24,11,The time zone information was refreshed with exit reason 0. Current time zone bias is 480.,0,0,1,0,1,-0.036215133793986554,1
11/9/2025 3:52:03 PM,Microsoft-Windows-Time-Service,35,0,"The time service is now synchronizing the system time with the time source time.windows.com,0x9 (ntp.m|0x9|0.0.0.0:123->40.81.94.65:123) with reference id 1096700200. Current local stratum number is 4.",0,0,1,0,1,-0.03798727321209028,1
11/9/2025 3:52:03 PM,Microsoft-Windows-Time-Service,52,0,The time service has set the time with offset 48598 seconds.,0,0,1,0,1,-0.038095298063334004,1
11/9/2025 3:52:03 PM,Microsoft-Windows-Kernel-General,1,5,"The system time has changed to ‎2025‎-‎11‎-‎09T10:22:03.819993900Z from ‎2025‎-‎11‎-‎09T23:52:01.938861600Z.

Change Reason: An application or system component changed the time.
Process: '\Device\HarddiskVolume2\Windows\System32\svchost.exe' (PID 1268).",0,0,1,0,1,-0.035144778533536813,1
11/9/2025 3:52:03 PM,Microsoft-Windows-Kernel-General,24,11,The time zone information was refreshed with exit reason 0. Current time zone bias is 480.,0,0,1,0,1,-0.036215133793986554,1
11/10/2025 5:21:59 AM,Microsoft-Windows-Kernel-General,1,5,"The system time has changed to ‎2025‎-‎11‎-‎09T23:51:59.569578000Z from ‎2025‎-‎11‎-‎09T23:51:59.569578000Z.

Change Reason: System time adjusted to the new time zone.
Process: '\Device\HarddiskVolume2\Windows\System32\oobe\msoobe.exe' (PID 1060).",0,0,1,0,1,-0.02888700571945485,1
11/10/2025 5:21:59 AM,Microsoft-Windows-Kernel-General,24,11,The time zone information was refreshed with exit reason 0. Current time zone bias is 480.,0,0,1,0,1,-0.031991900555447816,1
11/10/2025 5:21:55 AM,Microsoft-Windows-Time-Service,37,0,"The time provider NtpClient is currently receiving valid time data from time.windows.com,0x9 (ntp.m|0x9|0.0.0.0:123->40.81.94.65:123).",0,0,1,0,1,-0.03518278527505175,1
11/10/2025 5:21:54 AM,Microsoft-Windows-FilterManager,6,0,"File System Filter 'bindflt' (10.0, ‎2016‎-‎11‎-‎30T18:47:51.000000000Z) has successfully loaded and registered with Filter Manager.",0,0,1,0,1,-0.03125881172940176,1
11/10/2025 5:21:54 AM,Microsoft-Windows-FilterManager,6,0,"File System Filter 'storqosflt' (10.0, ‎2007‎-‎04‎-‎09T10:08:30.000000000Z) has successfully loaded and registered with Filter Manager.",0,0,1,0,1,-0.030071099947657498,1
11/10/2025 5:21:54 AM,Microsoft-Windows-FilterManager,6,0,"File System Filter 'CldFlt' (10.0, ‎2084‎-‎11‎-‎24T23:15:59.000000000Z) has successfully loaded and registered with Filter Manager.",0,0,1,0,1,-0.02986458014466703,1
11/10/2025 5:21:54 AM,Microsoft-Windows-FilterManager,1,0,"File System Filter 'CldFlt' (Version 10.0, ‎2084‎-‎11‎-‎24T23:15:59.000000000Z) unloaded successfully.",0,0,1,0,1,-0.034321859755155115,1
11/10/2025 5:21:54 AM,Microsoft-Windows-FilterManager,6,0,"File System Filter 'CldFlt' (10.0, ‎2084‎-‎11‎-‎24T23:15:59.000000000Z) has successfully loaded and registered with Filter Manager.",0,0,1,0,1,-0.02986458014466703,1
11/10/2025 5:21:54 AM,Microsoft-Windows-FilterManager,6,0,"File System Filter 'wcifs' (10.0, ‎2004‎-‎03‎-‎22T09:56:15.000000000Z) has successfully loaded and registered with Filter Manager.",0,0,1,0,1,-0.028597894891599362,1
11/10/2025 5:21:54 AM,Microsoft-Windows-FilterManager,6,0,"File System Filter 'luafv' (10.0, ‎2062‎-‎02‎-‎02T19:11:58.000000000Z) has successfully loaded and registered with Filter Manager.",0,0,1,0,1,-0.028969597637680145,1
11/10/2025 5:21:53 AM,Microsoft-Windows-DHCPv6-Client,51046,0,DHCPv6 client service is started,0,0,1,0,1,-0.043353268441392256,1
11/10/2025 5:21:52 AM,Microsoft-Windows-Dhcp-Client,50103,0,DHCPv4 client registered for shutdown notification,0,0,1,0,1,-0.0340440232716987,1
11/10/2025 5:21:52 AM,Microsoft-Windows-Dhcp-Client,50036,0,DHCPv4 client service is started,0,0,1,0,1,-0.03296260698545872,1
11/10/2025 5:21:37 AM,Microsoft-Windows-Directory-Services-SAM,16983,0,"The security account manager is now logging periodic summary events for remote clients that call legacy password change or set RPC methods.

For more information please see https://go.microsoft.com/fwlink/?linkid=2150956.
",0,0,1,0,1,-0.03592254636957082,1
11/10/2025 5:21:37 AM,Microsoft-Windows-Directory-Services-SAM,16977,0,"The domain is configured with the following minimum password length-related settings.

MinimumPasswordLength: 0

RelaxMinimumPasswordLengthLimits: 0

MinimumPasswordLengthAudit: -1

For more information see https://go.microsoft.com/fwlink/?LinkId=2097191.
",0,0,1,0,1,-0.035436955965380046,1
11/10/2025 5:21:37 AM,Microsoft-Windows-Directory-Services-SAM,16962,0,"Remote calls to the SAM database are being restricted using the default security descriptor: O:SYG:SYD:(A;;RC;;;BA).
For more information please see http://go.microsoft.com/fwlink/?LinkId=787651.",0,0,1,0,1,-0.030992804304375177,1
11/10/2025 5:21:36 AM,Microsoft-Windows-Wininit,14,0,"Credential Guard configuration: 0x0, 0",0,0,1,0,1,-0.040516334324335324,1
11/10/2025 5:21:35 AM,Microsoft-Windows-Kernel-General,24,11,The time zone information was refreshed with exit reason 0. Current time zone bias is 480.,0,0,1,0,1,-0.03594316937168829,1
11/10/2025 5:21:34 AM,Microsoft-Windows-Ntfs,98,0,Volume \\?\Volume{8cf873f0-0000-0000-0000-c05d0c000000} (\Device\HarddiskVolume3) is healthy.  No action is needed.,0,0,1,0,1,-0.031779397018994626,1
11/10/2025 5:21:33 AM,Microsoft-Windows-Kernel-Power,521,220,Active battery count change.,0,0,1,0,1,-0.036860088866033314,1
11/10/2025 5:21:33 AM,Microsoft-Windows-Kernel-Power,521,220,Active battery count change.,0,0,1,0,1,-0.036860088866033314,1
11/10/2025 5:21:33 AM,Microsoft-Windows-Kernel-Processor-Power,55,47,"Processor 0 in group 0 exposes the following power management capabilities:

Idle state type: ACPI Idle (C) States (1 state(s))

Performance state type: None
Nominal Frequency (MHz): 2994
Maximum performance percentage: 100
Minimum performance percentage: 100
Minimum throttle percentage: 100",0,0,1,0,1,-0.03753568623234477,1
11/10/2025 5:21:32 AM,Microsoft-Windows-Kernel-Power,172,203,"Connectivity state in standby: Disconnected, Reason: NIC compliance",0,0,1,0,1,-0.017708290750924727,1
11/10/2025 5:21:32 AM,Microsoft-Windows-Ntfs,98,0,Volume \\?\Volume{8cf873f0-0000-0000-0000-100000000000} (\Device\HarddiskVolume1) is healthy.  No action is needed.,0,0,1,0,1,-0.028696688781866375,1
11/10/2025 5:21:32 AM,Microsoft-Windows-FilterManager,6,0,"File System Filter 'npsvctrig' (10.0, ‎2025‎-‎01‎-‎05T18:41:12.000000000Z) has successfully loaded and registered with Filter Manager.",0,0,1,0,1,-0.016886359453441968,1
11/10/2025 5:21:32 AM,Microsoft-Windows-FilterManager,6,0,"File System Filter 'FileCrypt' (10.0, ‎2002‎-‎03‎-‎01T03:12:42.000000000Z) has successfully loaded and registered with Filter Manager.",0,0,1,0,1,-0.017179835125565257,1
11/10/2025 5:21:32 AM,Microsoft-Windows-Ntfs,98,0,Volume C: (\Device\HarddiskVolume2) is healthy.  No action is needed.,0,0,1,0,1,-0.028051935905086978,1
11/10/2025 5:21:32 AM,Microsoft-Windows-FilterManager,6,0,"File System Filter 'WdFilter' (10.0, ‎2066‎-‎04‎-‎08T20:52:09.000000000Z) has successfully loaded and registered with Filter Manager.",0,0,1,0,1,-0.01786706514248393,1
11/10/2025 5:21:32 AM,Microsoft-Windows-FilterManager,6,0,"File System Filter 'Wof' (10.0, ‎2090‎-‎03‎-‎16T10:56:17.000000000Z) has successfully loaded and registered with Filter Manager.",0,0,1,0,1,-0.016264945555856003,1
11/10/2025 5:21:32 AM,Microsoft-Windows-FilterManager,6,0,"File System Filter 'FileInfo' (10.0, ‎2062‎-‎12‎-‎22T21:21:06.000000000Z) has successfully loaded and registered with Filter Manager.",0,0,1,0,1,-0.018364483325343517,1
11/10/2025 5:21:30 AM,Microsoft-Windows-HAL,16,0,The iommu fault reporting has been initialized.,0,0,1,0,1,-0.030565679639686205,1
11/10/2025 5:21:30 AM,Microsoft-Windows-Kernel-General,20,6,"The leap second configuration has been updated.
Reason: Leap second data initialized from registry during boot
Leap seconds enabled: true
New leap second count: 0
Old leap second count: 0",0,0,1,0,1,-0.03828056576764732,1
11/10/2025 5:21:30 AM,Microsoft-Windows-Kernel-Boot,32,58,The bootmgr spent 0 ms waiting for user input.,0,0,1,0,1,-0.03947226457450931,1
11/10/2025 5:21:30 AM,Microsoft-Windows-Kernel-Boot,18,57,There are 0x1 boot options on this system.,0,0,1,0,1,-0.03138300464742372,1
11/10/2025 5:21:30 AM,Microsoft-Windows-Kernel-Boot,27,33,The boot type was 0x0.,0,0,1,0,1,-0.04110060775919944,1
11/10/2025 5:21:30 AM,Microsoft-Windows-Kernel-Boot,25,32,The boot menu policy was 0x1.,0,0,1,0,1,-0.038511595219287265,1
11/10/2025 5:21:30 AM,Microsoft-Windows-Kernel-Boot,20,31,The last shutdown's success status was true. The last boot's success status was true.,0,0,1,0,1,-0.03778661341394168,1
11/10/2025 5:21:30 AM,Microsoft-Windows-Kernel-Boot,153,62,Virtualization-based security (policies: 0) is disabled.,0,0,1,0,1,-0.030493763793700168,1
11/10/2025 5:21:30 AM,Microsoft-Windows-Kernel-General,12,1,The operating system started at system time ‎2025‎-‎11‎-‎09T23:51:30.500000000Z.,0,0,1,0,1,-0.0392808891305087,1
11/10/2025 5:21:17 AM,Microsoft-Windows-Kernel-General,13,2,The operating system is shutting down at system time ‎2025‎-‎11‎-‎09T23:51:17.855644400Z.,0,0,1,0,1,-0.037290794064253785,1
11/10/2025 5:21:16 AM,Microsoft-Windows-Kernel-Power,109,103,"The kernel power manager has initiated a shutdown transition.

Shutdown Reason: Kernel API",0,0,1,0,1,-0.04078496847141033,1
11/10/2025 5:21:50 AM,EventLog,6013,0,The system uptime is 19 seconds.,0,0,1,0,1,-0.023069102786195006,1
11/10/2025 5:21:50 AM,EventLog,6005,0,The Event log service was started.,0,0,1,0,1,-0.04003015684731037,1
11/10/2025 5:21:50 AM,EventLog,6009,0,Microsoft (R) Windows (R) 10.00. 19045  Multiprocessor Free.,0,0,1,0,1,-0.04154883788014663,1
11/10/2025 5:21:15 AM,Service Control Manager,7023,0,"The Windows Search service terminated with the following error: 
A system shutdown is in progress.",0,0,1,0,1,-0.04100697657751645,1
11/10/2025 5:21:50 AM,EventLog,6011,0,The NetBIOS name and DNS host name of this machine have been changed from WIN-EOOET31VCDU to DESKTOP-9TLL92I.,0,0,1,0,1,-0.042239333691064196,1
11/10/2025 5:21:13 AM,Microsoft-Windows-Dhcp-Client,50037,0,DHCPv4 client service is stopped. ShutDown Flag value is 1,0,0,1,0,1,-0.04062346932305594,1
11/10/2025 5:21:13 AM,Microsoft-Windows-Dhcp-Client,50106,0,DHCPv4 is waiting on DHCPv6 service to stop,0,0,1,0,1,-0.04011883415062906,1
11/10/2025 5:21:12 AM,Microsoft-Windows-DHCPv6-Client,51057,0,DHCPv6 client service stop is almost done.DHCP Context Ref count is 1,0,0,1,0,1,-0.042089573974533445,1
11/10/2025 5:21:12 AM,Microsoft-Windows-DHCPv6-Client,51047,0,DHCPv6 client service is stopped. ShutDown Flag value is 1,0,0,1,0,1,-0.026754593181505804,1
11/10/2025 5:21:13 AM,EventLog,6006,0,The Event log service was stopped.,0,0,1,0,1,-0.037925148509485085,1
11/10/2025 5:21:12 AM,Microsoft-Windows-Dhcp-Client,50105,0,DHCPv4 client ProcessDHCPRequestForever received TERMINATE_EVENT,0,0,1,0,1,-0.0432084534118351,1
11/10/2025 5:21:12 AM,Microsoft-Windows-Dhcp-Client,50104,0,DHCPv4 client received shutdown notification,0,0,1,0,1,-0.04257706978002812,1
11/10/2025 5:21:05 AM,Service Control Manager,7045,0,"A service was installed in the system.

Service Name:  Microsoft Edge Elevation Service (MicrosoftEdgeElevationService)
Service File Name:  ""C:\Program Files (x86)\Microsoft\Edge\Application\92.0.902.67\elevation_service.exe""
Service Type:  user mode service
Service Start Type:  demand start
Service Account:  LocalSystem",0,0,1,0,1,-0.03259628213334381,1
11/10/2025 5:21:03 AM,User32,1074,0,"The process C:\Windows\system32\winlogon.exe (MINWINPC) has initiated the restart of computer WIN-EOOET31VCDU on behalf of user NT AUTHORITY\SYSTEM for the following reason: Operating System: Upgrade (Planned)
 Reason Code: 0x80020003
 Shutdown Type: restart
 Comment: ",0,0,1,0,1,-0.04278151844673894,1
11/10/2025 5:21:01 AM,Microsoft-Windows-Setup,2004,0,Successfully logged OS information,0,0,1,0,1,-0.028608372318333575,1
11/10/2025 5:21:01 AM,Microsoft-Windows-Setup,2003,0,Successfully logged Setup information,0,0,1,0,1,-0.027370807570438582,1
11/10/2025 5:20:58 AM,Microsoft-Windows-UserModePowerService,22,18,Reapply power settings upon completion of the provisioning engine's turn 1,0,0,1,0,1,-0.041343519375080684,1
11/10/2025 5:20:40 AM,Service Control Manager,7030,0,"The Printer Extensions and Notifications service is marked as an interactive service.  However, the system is configured to not allow interactive services.  This service may not function properly.",0,0,1,0,1,-0.04206741224976879,1
11/10/2025 5:20:40 AM,Service Control Manager,7045,0,"A service was installed in the system.

Service Name:  Printer Extensions and Notifications
Service File Name:  %SystemRoot%\system32\svchost.exe -k print
Service Type:  user mode service
Service Start Type:  demand start
Service Account:  LocalSystem",0,0,1,0,1,-0.03159897902631931,1
11/10/2025 5:20:38 AM,Microsoft-Windows-Kernel-General,16,0,The access history in hive \??\C:\ProgramData\Microsoft\Provisioning\Microsoft-Desktop-Provisioning-Sequence.dat was cleared updating 0 keys and creating 0 modified pages.,0,0,1,0,1,-0.024570407380822223,1
11/10/2025 5:20:20 AM,Microsoft-Windows-Ntfs,98,0,Volume \\?\Volume{8cf873f0-0000-0000-0000-c05d0c000000} (\Device\HarddiskVolume3) is healthy.  No action is needed.,0,0,1,0,1,-0.03974795664786446,1
11/10/2025 5:20:17 AM,Microsoft-Windows-Ntfs,98,0,Volume \\?\Volume{8cf873f0-0000-0000-0000-c05d0c000000} (\Device\HarddiskVolume3) is healthy.  No action is needed.,0,0,1,0,1,-0.03893314691952343,1
11/10/2025 5:20:05 AM,Virtual Disk Service,3,0,Service started.,0,0,1,0,1,-0.03950755526181893,1
11/10/2025 5:19:57 AM,Microsoft-Windows-Kernel-General,16,0,The access history in hive \??\C:\ProgramData\Microsoft\Windows\AppRepository\Packages\Microsoft.ZuneVideo_10.19071.19011.0_x64__8wekyb3d8bbwe\ActivationStore.dat was cleared updating 0 keys and creating 0 modified pages.,0,0,1,0,1,-0.027563080751868918,1
11/10/2025 5:19:55 AM,Microsoft-Windows-DistributedCOM,10010,0,The server {7D096C5F-AC08-4F1F-BEB7-5C22C517CE39} did not register with DCOM within the required timeout.,0,0,1,0,1,-0.032356588418850196,1
11/10/2025 5:19:54 AM,Microsoft-Windows-Kernel-General,16,0,The access history in hive \??\C:\ProgramData\Microsoft\Windows\AppRepository\Packages\Microsoft.ZuneMusic_10.19071.19011.0_x64__8wekyb3d8bbwe\ActivationStore.dat was cleared updating 0 keys and creating 0 modified pages.,0,0,1,0,1,-0.03029511983788219,1
11/10/2025 5:19:51 AM,Microsoft-Windows-Kernel-General,16,0,The access history in hive \??\C:\ProgramData\Microsoft\Windows\AppRepository\Packages\Microsoft.YourPhone_0.19051.7.0_x64__8wekyb3d8bbwe\ActivationStore.dat was cleared updating 0 keys and creating 0 modified pages.,0,0,1,0,1,-0.027971028626526506,1
11/10/2025 5:19:50 AM,Microsoft-Windows-Kernel-General,16,0,The access history in hive \??\C:\ProgramData\Microsoft\Windows\AppRepository\Packages\Microsoft.XboxSpeechToTextOverlay_1.17.29001.0_x64__8wekyb3d8bbwe\ActivationStore.dat was cleared updating 0 keys and creating 0 modified pages.,0,0,1,0,1,-0.02898336922091227,1
11/10/2025 5:19:49 AM,Microsoft-Windows-Kernel-General,16,0,The access history in hive \??\C:\ProgramData\Microsoft\Windows\AppRepository\Packages\Microsoft.XboxIdentityProvider_12.50.6001.0_x64__8wekyb3d8bbwe\ActivationStore.dat was cleared updating 0 keys and creating 0 modified pages.,0,0,1,0,1,-0.031159862428390306,1
11/10/2025 5:19:48 AM,Service Control Manager,7023,0,"The Network List Service service terminated with the following error: 
The device is not ready.",0,0,1,0,1,-0.04200564241356697,1
11/10/2025 5:19:48 AM,Microsoft-Windows-Kernel-General,16,0,The access history in hive \??\C:\ProgramData\Microsoft\Windows\AppRepository\Packages\Microsoft.XboxGamingOverlay_2.34.28001.0_x64__8wekyb3d8bbwe\ActivationStore.dat was cleared updating 0 keys and creating 0 modified pages.,0,0,1,0,1,-0.029605432844250434,1
11/10/2025 5:19:47 AM,Microsoft-Windows-DistributedCOM,10010,0,The server {A47979D2-C419-11D9-A5B4-001185AD2B89} did not register with DCOM within the required timeout.,0,0,1,0,1,-0.03548240141426506,1
11/10/2025 5:19:47 AM,Microsoft-Windows-Kernel-General,16,0,The access history in hive \??\C:\ProgramData\Microsoft\Windows\AppRepository\Packages\Microsoft.XboxGameOverlay_1.46.11001.0_x64__8wekyb3d8bbwe\ActivationStore.dat was cleared updating 0 keys and creating 0 modified pages.,0,0,1,0,1,-0.02770141701728357,1
11/10/2025 5:19:46 AM,Microsoft-Windows-Kernel-General,16,0,The access history in hive \??\C:\ProgramData\Microsoft\Windows\AppRepository\Packages\Microsoft.XboxApp_48.49.31001.0_x64__8wekyb3d8bbwe\ActivationStore.dat was cleared updating 0 keys and creating 0 modified pages.,0,0,1,0,1,-0.029088329977157712,1
11/10/2025 5:19:43 AM,Microsoft-Windows-Kernel-General,16,0,The access history in hive \??\C:\ProgramData\Microsoft\Windows\AppRepository\Packages\Microsoft.Xbox.TCUI_1.23.28002.0_x64__8wekyb3d8bbwe\ActivationStore.dat was cleared updating 0 keys and creating 0 modified pages.,0,0,1,0,1,-0.03034925010549694,1
11/10/2025 5:19:42 AM,Microsoft-Windows-Kernel-General,16,0,The access history in hive \??\C:\ProgramData\Microsoft\Windows\AppRepository\Packages\Microsoft.WindowsStore_11910.1002.5.0_x64__8wekyb3d8bbwe\ActivationStore.dat was cleared updating 0 keys and creating 0 modified pages.,0,0,1,0,1,-0.02795256820587677,1
11/10/2025 5:19:39 AM,Microsoft-Windows-Kernel-General,16,0,The access history in hive \??\C:\ProgramData\Microsoft\Windows\AppRepository\Packages\Microsoft.WindowsSoundRecorder_10.1906.1972.0_x64__8wekyb3d8bbwe\ActivationStore.dat was cleared updating 0 keys and creating 0 modified pages.,0,0,1,0,1,-0.02969466324625647,1
11/10/2025 5:19:37 AM,Microsoft-Windows-Kernel-General,16,0,The access history in hive \??\C:\ProgramData\Microsoft\Windows\AppRepository\Packages\Microsoft.WindowsMaps_5.1906.1972.0_x64__8wekyb3d8bbwe\ActivationStore.dat was cleared updating 0 keys and creating 0 modified pages.,0,0,1,0,1,-0.027371858766474633,1
11/10/2025 5:19:32 AM,Microsoft-Windows-Kernel-General,16,0,The access history in hive \??\C:\ProgramData\Microsoft\Windows\AppRepository\Packages\Microsoft.WindowsFeedbackHub_1.1907.3152.0_x64__8wekyb3d8bbwe\ActivationStore.dat was cleared updating 0 keys and creating 0 modified pages.,0,0,1,0,1,-0.028614242371082454,1
11/10/2025 5:19:29 AM,Microsoft-Windows-Kernel-General,16,0,The access history in hive \??\C:\ProgramData\Microsoft\Windows\AppRepository\Packages\microsoft.windowscommunicationsapps_16005.11629.20316.0_x64__8wekyb3d8bbwe\ActivationStore.dat was cleared updating 0 keys and creating 0 modified pages.,0,0,1,0,1,-0.030353151534118383,1
11/10/2025 5:19:21 AM,Service Control Manager,7040,0,The start type of the Background Intelligent Transfer Service service was changed from demand start to auto start.,0,0,1,0,1,-0.025768772928482675,1
11/10/2025 5:19:19 AM,Microsoft-Windows-Kernel-General,16,0,The access history in hive \??\C:\ProgramData\Microsoft\Windows\AppRepository\Packages\Microsoft.WindowsCamera_2018.826.98.0_x64__8wekyb3d8bbwe\ActivationStore.dat was cleared updating 0 keys and creating 0 modified pages.,0,0,1,0,1,-0.030352656098830977,1
11/10/2025 5:19:17 AM,Microsoft-Windows-Kernel-General,16,0,The access history in hive \??\C:\ProgramData\Microsoft\Windows\AppRepository\Packages\Microsoft.WindowsCalculator_10.1906.55.0_x64__8wekyb3d8bbwe\ActivationStore.dat was cleared updating 0 keys and creating 0 modified pages.,0,0,1,0,1,-0.029380583327883625,1
11/10/2025 5:19:16 AM,Microsoft-Windows-Kernel-General,16,0,The access history in hive \??\C:\ProgramData\Microsoft\Windows\AppRepository\Packages\Microsoft.WindowsAlarms_10.1906.2182.0_x64__8wekyb3d8bbwe\ActivationStore.dat was cleared updating 0 keys and creating 0 modified pages.,0,0,1,0,1,-0.028840334232969,1
11/10/2025 5:19:13 AM,Microsoft-Windows-Kernel-General,16,0,The access history in hive \??\C:\ProgramData\Microsoft\Windows\AppRepository\Packages\Microsoft.Windows.Photos_2019.19071.12548.0_x64__8wekyb3d8bbwe\ActivationStore.dat was cleared updating 0 keys and creating 0 modified pages.,0,0,1,0,1,-0.016136985926299363,1
11/10/2025 5:19:08 AM,Microsoft-Windows-Kernel-General,16,0,The access history in hive \??\C:\ProgramData\Microsoft\Windows\AppRepository\Packages\Microsoft.WebMediaExtensions_1.0.20875.0_x64__8wekyb3d8bbwe\ActivationStore.dat was cleared updating 0 keys and creating 0 modified pages.,0,0,1,0,1,-0.019082648881853514,1
11/10/2025 5:19:07 AM,Microsoft-Windows-Kernel-General,16,0,The access history in hive \??\C:\ProgramData\Microsoft\Windows\AppRepository\Packages\Microsoft.Wallet_2.4.18324.0_x64__8wekyb3d8bbwe\ActivationStore.dat was cleared updating 0 keys and creating 0 modified pages.,0,0,1,0,1,-0.030276366314905157,1
11/10/2025 5:19:06 AM,Microsoft-Windows-Kernel-General,16,0,The access history in hive \??\C:\ProgramData\Microsoft\Windows\AppRepository\Packages\Microsoft.StorePurchaseApp_11811.1001.18.0_x64__8wekyb3d8bbwe\ActivationStore.dat was cleared updating 0 keys and creating 0 modified pages.,0,0,1,0,1,-0.019576887047484448,1
11/10/2025 5:19:05 AM,Microsoft-Windows-Kernel-General,16,0,The access history in hive \??\C:\ProgramData\Microsoft\Windows\AppRepository\Packages\Microsoft.SkypeApp_14.53.77.0_x64__kzf8qxf38zg5c\ActivationStore.dat was cleared updating 0 keys and creating 0 modified pages.,0,0,1,0,1,-0.029151834791041387,1
11/10/2025 5:19:00 AM,Microsoft-Windows-Kernel-General,16,0,The access history in hive \??\C:\ProgramData\Microsoft\Windows\AppRepository\Packages\Microsoft.ScreenSketch_10.1907.2471.0_x64__8wekyb3d8bbwe\ActivationStore.dat was cleared updating 0 keys and creating 0 modified pages.,0,0,1,0,1,-0.030454182172607813,1
11/10/2025 5:18:58 AM,Microsoft-Windows-Kernel-General,16,0,The access history in hive \??\C:\ProgramData\Microsoft\Windows\AppRepository\Packages\Microsoft.People_10.1902.633.0_x64__8wekyb3d8bbwe\ActivationStore.dat was cleared updating 0 keys and creating 0 modified pages.,0,0,1,0,1,-0.02079412480893833,1
11/10/2025 5:18:56 AM,Microsoft-Windows-Kernel-General,16,0,The access history in hive \??\C:\ProgramData\Microsoft\Windows\AppRepository\Packages\Microsoft.Office.OneNote_16001.12026.20112.0_x64__8wekyb3d8bbwe\ActivationStore.dat was cleared updating 0 keys and creating 0 modified pages.,0,0,1,0,1,-0.029589163830623322,1
11/10/2025 5:18:49 AM,Microsoft-Windows-Kernel-General,16,0,The access history in hive \??\C:\ProgramData\Microsoft\Windows\AppRepository\Packages\Microsoft.MSPaint_6.1907.29027.0_x64__8wekyb3d8bbwe\ActivationStore.dat was cleared updating 0 keys and creating 0 modified pages.,0,0,1,0,1,-0.029851369479035883,1
11/10/2025 5:18:46 AM,Microsoft-Windows-Kernel-General,16,0,The access history in hive \??\C:\ProgramData\Microsoft\Windows\AppRepository\Packages\Microsoft.MixedReality.Portal_2000.19081.1301.0_x64__8wekyb3d8bbwe\ActivationStore.dat was cleared updating 0 keys and creating 0 modified pages.,0,0,1,0,1,-0.028681247523873132,1
11/10/2025 5:18:44 AM,Microsoft-Windows-Kernel-General,16,0,The access history in hive \??\C:\ProgramData\Microsoft\Windows\AppRepository\Packages\Microsoft.MicrosoftStickyNotes_3.6.73.0_x64__8wekyb3d8bbwe\ActivationStore.dat was cleared updating 0 keys and creating 0 modified pages.,0,0,1,0,1,-0.031159862428390306,1
11/10/2025 5:18:43 AM,Microsoft-Windows-Kernel-General,16,0,The access history in hive \??\C:\ProgramData\Microsoft\Windows\AppRepository\Packages\Microsoft.MicrosoftSolitaireCollection_4.4.8204.0_x64__8wekyb3d8bbwe\ActivationStore.dat was cleared updating 0 keys and creating 0 modified pages.,0,0,1,0,1,-0.029765198485518285,1
11/10/2025 5:18:40 AM,Microsoft-Windows-Kernel-General,16,0,The access history in hive \??\C:\ProgramData\Microsoft\Windows\AppRepository\Packages\Microsoft.MicrosoftOfficeHub_18.1903.1152.0_x64__8wekyb3d8bbwe\ActivationStore.dat was cleared updating 0 keys and creating 0 modified pages.,0,0,1,0,1,-0.02986983215321448,1
11/10/2025 5:18:38 AM,Microsoft-Windows-Kernel-General,16,0,The access history in hive \??\C:\ProgramData\Microsoft\Windows\AppRepository\Packages\Microsoft.Microsoft3DViewer_6.1908.2042.0_x64__8wekyb3d8bbwe\ActivationStore.dat was cleared updating 0 keys and creating 0 modified pages.,0,0,1,0,1,-0.03050644379346512,1
11/10/2025 5:18:33 AM,Microsoft-Windows-Kernel-General,16,0,The access history in hive \??\C:\ProgramData\Microsoft\Windows\AppRepository\Packages\Microsoft.Getstarted_8.2.22942.0_x64__8wekyb3d8bbwe\ActivationStore.dat was cleared updating 0 keys and creating 0 modified pages.,0,0,1,0,1,-0.02078364909590863,1
11/10/2025 5:18:32 AM,Microsoft-Windows-Kernel-General,16,0,The access history in hive \??\C:\ProgramData\Microsoft\Windows\AppRepository\Packages\Microsoft.GetHelp_10.1706.13331.0_x64__8wekyb3d8bbwe\ActivationStore.dat was cleared updating 0 keys and creating 0 modified pages.,0,0,1,0,1,-0.01977101614581428,1
11/10/2025 5:18:31 AM,Microsoft-Windows-Kernel-General,16,0,The access history in hive \??\C:\ProgramData\Microsoft\Windows\AppRepository\Packages\Microsoft.DesktopAppInstaller_1.0.30251.0_x64__8wekyb3d8bbwe\ActivationStore.dat was cleared updating 0 keys and creating 0 modified pages.,0,0,1,0,1,-0.028055543873952427,1
11/10/2025 5:18:29 AM,Microsoft-Windows-Kernel-General,16,0,The access history in hive \??\C:\ProgramData\Microsoft\Windows\AppRepository\Packages\Microsoft.BingWeather_4.25.20211.0_x64__8wekyb3d8bbwe\ActivationStore.dat was cleared updating 0 keys and creating 0 modified pages.,0,0,1,0,1,-0.027224365826347574,1
11/10/2025 5:18:26 AM,Microsoft-Windows-Kernel-General,16,0,The access history in hive \??\C:\ProgramData\Microsoft\Windows\AppRepository\Packages\Microsoft.Advertising.Xaml_10.1808.3.0_x64__8wekyb3d8bbwe\ActivationStore.dat was cleared updating 0 keys and creating 0 modified pages.,0,0,1,0,1,-0.02466604876127798,1
11/10/2025 5:18:22 AM,Microsoft-Windows-Kernel-General,16,0,The access history in hive \??\C:\ProgramData\Microsoft\Windows\AppRepository\Packages\Microsoft.UI.Xaml.2.0_2.1810.18004.0_x64__8wekyb3d8bbwe\ActivationStore.dat was cleared updating 0 keys and creating 0 modified pages.,0,0,1,0,1,-0.02915788881674497,1
11/10/2025 5:18:22 AM,Microsoft-Windows-Kernel-General,16,0,The access history in hive \??\C:\Windows\system32\Config\Elam was cleared updating 1 keys and creating 1 modified pages.,0,0,1,0,1,-0.028851982262605602,1
11/10/2025 5:18:22 AM,Microsoft-Windows-Kernel-General,16,0,The access history in hive \??\C:\ProgramData\Microsoft\Windows\AppRepository\Packages\Microsoft.Services.Store.Engagement_10.0.18101.0_x64__8wekyb3d8bbwe\ActivationStore.dat was cleared updating 0 keys and creating 0 modified pages.,0,0,1,0,1,-0.029835243353060537,1
11/10/2025 5:18:21 AM,Microsoft-Windows-Kernel-General,16,0,The access history in hive \??\C:\ProgramData\Microsoft\Windows\AppRepository\Packages\Microsoft.Services.Store.Engagement_10.0.18101.0_x86__8wekyb3d8bbwe\ActivationStore.dat was cleared updating 0 keys and creating 0 modified pages.,0,0,1,0,1,-0.01554776281665804,1
11/10/2025 5:18:20 AM,Microsoft-Windows-Kernel-General,16,0,The access history in hive \??\C:\ProgramData\Microsoft\Windows\AppRepository\Packages\Microsoft.549981C3F5F10_1.1911.21713.0_x64__8wekyb3d8bbwe\ActivationStore.dat was cleared updating 0 keys and creating 0 modified pages.,0,0,1,0,1,-0.03045796307474813,1
11/10/2025 5:18:17 AM,Microsoft-Windows-Kernel-General,16,0,The access history in hive \??\C:\ProgramData\Microsoft\Windows\AppRepository\Packages\Windows.PrintDialog_6.2.1.0_neutral_neutral_cw5n1h2txyewy\ActivationStore.dat was cleared updating 0 keys and creating 0 modified pages.,0,0,1,0,1,-0.027961141566276604,1
11/10/2025 5:18:16 AM,Microsoft-Windows-Kernel-General,16,0,The access history in hive \??\C:\ProgramData\Microsoft\Windows\AppRepository\Packages\windows.immersivecontrolpanel_10.0.2.1000_neutral_neutral_cw5n1h2txyewy\ActivationStore.dat was cleared updating 0 keys and creating 0 modified pages.,0,0,1,0,1,-0.029660063305810613,1
11/10/2025 5:18:16 AM,Microsoft-Windows-Kernel-General,16,0,The access history in hive \??\C:\ProgramData\Microsoft\Windows\AppRepository\Packages\Windows.CBSPreview_10.0.19041.3636_neutral_neutral_cw5n1h2txyewy\ActivationStore.dat was cleared updating 0 keys and creating 0 modified pages.,0,0,1,0,1,-0.028821457371978,1
11/10/2025 5:18:15 AM,Microsoft-Windows-Kernel-General,16,0,The access history in hive \??\C:\ProgramData\Microsoft\Windows\AppRepository\Packages\NcsiUwpApp_1000.19041.3636.0_neutral_neutral_8wekyb3d8bbwe\ActivationStore.dat was cleared updating 0 keys and creating 0 modified pages.,0,0,1,0,1,-0.028092315434824155,1
11/10/2025 5:18:15 AM,Microsoft-Windows-Kernel-General,16,0,The access history in hive \??\C:\ProgramData\Microsoft\Windows\AppRepository\Packages\MicrosoftWindows.UndockedDevKit_10.0.19041.3636_neutral_neutral_cw5n1h2txyewy\ActivationStore.dat was cleared updating 0 keys and creating 0 modified pages.,0,0,1,0,1,-0.02801619523566451,1
11/10/2025 5:18:14 AM,Microsoft-Windows-Kernel-General,16,0,The access history in hive \??\C:\ProgramData\Microsoft\Windows\AppRepository\Packages\MicrosoftWindows.Client.CBS_1000.19053.1000.0_x64__cw5n1h2txyewy\ActivationStore.dat was cleared updating 0 keys and creating 0 modified pages.,0,0,1,0,1,-0.03045605611730018,1
11/10/2025 5:18:14 AM,Microsoft-Windows-Kernel-General,16,0,The access history in hive \??\C:\ProgramData\Microsoft\Windows\AppRepository\Packages\Microsoft.XboxGameCallableUI_1000.19041.3636.0_neutral_neutral_cw5n1h2txyewy\ActivationStore.dat was cleared updating 0 keys and creating 0 modified pages.,0,0,1,0,1,-0.03045605611730018,1
11/10/2025 5:18:13 AM,Microsoft-Windows-Kernel-General,16,0,The access history in hive \??\C:\ProgramData\Microsoft\Windows\AppRepository\Packages\Microsoft.Windows.XGpuEjectDialog_10.0.19041.3636_neutral_neutral_cw5n1h2txyewy\ActivationStore.dat was cleared updating 0 keys and creating 0 modified pages.,0,0,1,0,1,-0.028880309540588844,1
11/10/2025 5:18:12 AM,Microsoft-Windows-Kernel-General,16,0,The access history in hive \??\C:\ProgramData\Microsoft\Windows\AppRepository\Packages\Microsoft.Windows.StartMenuExperienceHost_10.0.19041.3636_neutral_neutral_cw5n1h2txyewy\ActivationStore.dat was cleared updating 0 keys and creating 0 modified pages.,0,0,1,0,1,-0.029792094936887892,1
11/10/2025 5:18:12 AM,Microsoft-Windows-Kernel-General,16,0,The access history in hive \??\C:\ProgramData\Microsoft\Windows\AppRepository\Packages\Microsoft.Windows.ShellExperienceHost_10.0.19041.3636_neutral_neutral_cw5n1h2txyewy\ActivationStore.dat was cleared updating 0 keys and creating 0 modified pages.,0,0,1,0,1,-0.029875363224436124,1
11/10/2025 5:18:12 AM,Microsoft-Windows-Kernel-General,16,0,The access history in hive \??\C:\ProgramData\Microsoft\Windows\AppRepository\Packages\Microsoft.Windows.SecHealthUI_10.0.19041.3636_neutral__cw5n1h2txyewy\ActivationStore.dat was cleared updating 0 keys and creating 0 modified pages.,0,0,1,0,1,-0.02993112416224375,1
11/10/2025 5:18:11 AM,Microsoft-Windows-Kernel-General,16,0,The access history in hive \??\C:\ProgramData\Microsoft\Windows\AppRepository\Packages\Microsoft.Windows.Search_1.14.10.19041_neutral_neutral_cw5n1h2txyewy\ActivationStore.dat was cleared updating 0 keys and creating 0 modified pages.,0,0,1,0,1,-0.025287367851998754,1
11/10/2025 5:18:11 AM,Microsoft-Windows-Kernel-General,16,0,The access history in hive \??\C:\ProgramData\Microsoft\Windows\AppRepository\Packages\Microsoft.Windows.PinningConfirmationDialog_1000.19041.3636.0_neutral__cw5n1h2txyewy\ActivationStore.dat was cleared updating 0 keys and creating 0 modified pages.,0,0,1,0,1,-0.028986606266154957,1
11/10/2025 5:18:10 AM,Microsoft-Windows-Kernel-General,16,0,The access history in hive \??\C:\ProgramData\Microsoft\Windows\AppRepository\Packages\Microsoft.Windows.PeopleExperienceHost_10.0.19041.3636_neutral_neutral_cw5n1h2txyewy\ActivationStore.dat was cleared updating 0 keys and creating 0 modified pages.,0,0,1,0,1,-0.01781654545776734,1
11/10/2025 5:18:10 AM,Microsoft-Windows-Kernel-General,16,0,The access history in hive \??\C:\ProgramData\Microsoft\Windows\AppRepository\Packages\Microsoft.Windows.ParentalControls_1000.19041.3636.0_neutral_neutral_cw5n1h2txyewy\ActivationStore.dat was cleared updating 0 keys and creating 0 modified pages.,0,0,1,0,1,-0.01686025267831953,1
11/10/2025 5:18:10 AM,Microsoft-Windows-Kernel-General,16,0,The access history in hive \??\C:\ProgramData\Microsoft\Windows\AppRepository\Packages\Microsoft.Windows.OOBENetworkConnectionFlow_10.0.19041.3636_neutral__cw5n1h2txyewy\ActivationStore.dat was cleared updating 0 keys and creating 0 modified pages.,0,0,1,0,1,-0.017156077201480935,1
11/10/2025 5:18:09 AM,Microsoft-Windows-Kernel-General,16,0,The access history in hive \??\C:\ProgramData\Microsoft\Windows\AppRepository\Packages\Microsoft.Windows.OOBENetworkCaptivePortal_10.0.19041.3636_neutral__cw5n1h2txyewy\ActivationStore.dat was cleared updating 0 keys and creating 0 modified pages.,0,0,1,0,1,-0.031159862428390306,1
11/10/2025 5:18:09 AM,Microsoft-Windows-Kernel-General,16,0,The access history in hive \??\C:\ProgramData\Microsoft\Windows\AppRepository\Packages\Microsoft.Windows.NarratorQuickStart_10.0.19041.3636_neutral_neutral_8wekyb3d8bbwe\ActivationStore.dat was cleared updating 0 keys and creating 0 modified pages.,0,0,1,0,1,-0.03046491509799998,1
11/10/2025 5:18:08 AM,Microsoft-Windows-Kernel-General,16,0,The access history in hive \??\C:\ProgramData\Microsoft\Windows\AppRepository\Packages\Microsoft.Windows.ContentDeliveryManager_10.0.19041.3636_neutral_neutral_cw5n1h2txyewy\ActivationStore.dat was cleared updating 0 keys and creating 0 modified pages.,0,0,1,0,1,-0.029248633244317035,1
11/10/2025 5:18:08 AM,Microsoft-Windows-Kernel-General,16,0,The access history in hive \??\C:\ProgramData\Microsoft\Windows\AppRepository\Packages\Microsoft.Windows.CloudExperienceHost_10.0.19041.3636_neutral_neutral_cw5n1h2txyewy\ActivationStore.dat was cleared updating 0 keys and creating 0 modified pages.,0,0,1,0,1,-0.030458425172214865,1
11/10/2025 5:18:08 AM,Microsoft-Windows-Kernel-General,16,0,The access history in hive \??\C:\ProgramData\Microsoft\Windows\AppRepository\Packages\Microsoft.Windows.CapturePicker_10.0.19041.3636_neutral__cw5n1h2txyewy\ActivationStore.dat was cleared updating 0 keys and creating 0 modified pages.,0,0,1,0,1,-0.02012961153465076,1
11/10/2025 5:18:07 AM,Microsoft-Windows-Kernel-General,16,0,The access history in hive \??\C:\ProgramData\Microsoft\Windows\AppRepository\Packages\Microsoft.Windows.CallingShellApp_1000.19041.3636.0_neutral_neutral_cw5n1h2txyewy\ActivationStore.dat was cleared updating 0 keys and creating 0 modified pages.,0,0,1,0,1,-0.030418785788169533,1
11/10/2025 5:18:07 AM,Microsoft-Windows-Kernel-General,16,0,The access history in hive \??\C:\ProgramData\Microsoft\Windows\AppRepository\Packages\Microsoft.Windows.Apprep.ChxApp_1000.19041.3636.0_neutral_neutral_cw5n1h2txyewy\ActivationStore.dat was cleared updating 0 keys and creating 0 modified pages.,0,0,1,0,1,-0.030418785788169533,1
11/10/2025 5:18:07 AM,Microsoft-Windows-Kernel-General,16,0,The access history in hive \??\C:\ProgramData\Microsoft\Windows\AppRepository\Packages\Microsoft.Win32WebViewHost_10.0.19041.3636_neutral_neutral_cw5n1h2txyewy\ActivationStore.dat was cleared updating 0 keys and creating 0 modified pages.,0,0,1,0,1,-0.0290858418903151,1
11/10/2025 5:18:06 AM,Microsoft-Windows-Kernel-General,16,0,The access history in hive \??\C:\ProgramData\Microsoft\Windows\AppRepository\Packages\Microsoft.LockApp_10.0.19041.3636_neutral__cw5n1h2txyewy\ActivationStore.dat was cleared updating 0 keys and creating 0 modified pages.,0,0,1,0,1,-0.027841164958463005,1
11/10/2025 5:18:06 AM,Microsoft-Windows-Kernel-General,16,0,The access history in hive \??\C:\ProgramData\Microsoft\Windows\AppRepository\Packages\Microsoft.ECApp_10.0.19041.3636_neutral__8wekyb3d8bbwe\ActivationStore.dat was cleared updating 0 keys and creating 0 modified pages.,0,0,1,0,1,-0.028259294282963143,1
11/10/2025 5:18:05 AM,Microsoft-Windows-Kernel-General,16,0,The access history in hive \??\C:\ProgramData\Microsoft\Windows\AppRepository\Packages\Microsoft.CredDialogHost_10.0.19041.3636_neutral__cw5n1h2txyewy\ActivationStore.dat was cleared updating 0 keys and creating 0 modified pages.,0,0,1,0,1,-0.02807052266194765,1
11/10/2025 5:18:05 AM,Microsoft-Windows-Kernel-General,16,0,The access history in hive \??\C:\ProgramData\Microsoft\Windows\AppRepository\Packages\Microsoft.BioEnrollment_10.0.19041.3636_neutral__cw5n1h2txyewy\ActivationStore.dat was cleared updating 0 keys and creating 0 modified pages.,0,0,1,0,1,-0.02072703195257225,1
11/10/2025 5:18:05 AM,Microsoft-Windows-Kernel-General,16,0,The access history in hive \??\C:\ProgramData\Microsoft\Windows\AppRepository\Packages\Microsoft.AsyncTextService_10.0.19041.3636_neutral__8wekyb3d8bbwe\ActivationStore.dat was cleared updating 0 keys and creating 0 modified pages.,0,0,1,0,1,-0.02859304366264165,1
11/10/2025 5:18:04 AM,Microsoft-Windows-Kernel-General,16,0,The access history in hive \??\C:\ProgramData\Microsoft\Windows\AppRepository\Packages\Microsoft.AccountsControl_10.0.19041.3636_neutral__cw5n1h2txyewy\ActivationStore.dat was cleared updating 0 keys and creating 0 modified pages.,0,0,1,0,1,-0.028355516602158515,1
11/10/2025 5:18:04 AM,Microsoft-Windows-Kernel-General,16,0,The access history in hive \??\C:\ProgramData\Microsoft\Windows\AppRepository\Packages\Microsoft.AAD.BrokerPlugin_1000.19041.3636.0_neutral_neutral_cw5n1h2txyewy\ActivationStore.dat was cleared updating 0 keys and creating 0 modified pages.,0,0,1,0,1,-0.02950354736060412,1
11/10/2025 5:18:03 AM,Microsoft-Windows-Kernel-General,16,0,The access history in hive \??\C:\ProgramData\Microsoft\Windows\AppRepository\Packages\F46D4000-FD22-4DB4-AC8E-4E1DDDE828FE_10.0.19041.3636_neutral_neutral_cw5n1h2txyewy\ActivationStore.dat was cleared updating 0 keys and creating 0 modified pages.,0,0,1,0,1,-0.015003800715649274,1
11/10/2025 5:18:03 AM,Microsoft-Windows-Kernel-General,16,0,The access history in hive \??\C:\ProgramData\Microsoft\Windows\AppRepository\Packages\E2A4F912-2574-4A75-9BB0-0D023378592B_10.0.19041.3636_neutral_neutral_cw5n1h2txyewy\ActivationStore.dat was cleared updating 0 keys and creating 0 modified pages.,0,0,1,0,1,-0.018556630196222723,1
11/10/2025 5:18:03 AM,Microsoft-Windows-Kernel-General,16,0,The access history in hive \??\C:\ProgramData\Microsoft\Windows\AppRepository\Packages\c5e2524a-ea46-4f67-841f-6a9465d9d515_10.0.19041.3636_neutral_neutral_cw5n1h2txyewy\ActivationStore.dat was cleared updating 0 keys and creating 0 modified pages.,0,0,1,0,1,-0.017787541818739316,1
11/10/2025 5:18:02 AM,Microsoft-Windows-Kernel-General,16,0,The access history in hive \??\C:\ProgramData\Microsoft\Windows\AppRepository\Packages\1527c705-839a-4832-9118-54d4Bd6a0c89_10.0.19041.3636_neutral_neutral_cw5n1h2txyewy\ActivationStore.dat was cleared updating 0 keys and creating 0 modified pages.,0,0,1,0,1,-0.029759430605159454,1
11/10/2025 5:17:55 AM,Service Control Manager,7045,0,"A service was installed in the system.

Service Name:  Intel(R) PRO/1000 NDIS 6 Adapter Driver
Service File Name:  \SystemRoot\System32\drivers\E1G6032E.sys
Service Type:  kernel mode driver
Service Start Type:  demand start
Service Account:  ",0,0,1,0,1,-0.03301304817291928,1
11/10/2025 5:17:54 AM,Service Control Manager,7026,0,"The following boot-start or system-start driver(s) did not load: 
dam",0,0,1,0,1,-0.03839200412624483,1
11/10/2025 5:17:55 AM,Workstation,3261,0,This computer has been successfully joined to workgroup 'WORKGROUP'.,0,0,1,0,1,-0.03631886292570896,1
11/10/2025 5:17:46 AM,Service Control Manager,7023,0,"The netprofm service terminated with the following error: 
The device is not ready.",0,0,1,0,1,-0.0402401592039886,1
11/10/2025 5:17:45 AM,Microsoft-Windows-DHCPv6-Client,51046,0,DHCPv6 client service is started,0,0,1,0,1,-0.04401922829965638,1
11/10/2025 5:17:45 AM,Microsoft-Windows-FilterManager,6,0,"File System Filter 'bindflt' (10.0, ‎2016‎-‎11‎-‎30T18:47:51.000000000Z) has successfully loaded and registered with Filter Manager.",0,0,1,0,1,-0.03125881172940176,1
11/10/2025 5:17:45 AM,Microsoft-Windows-FilterManager,6,0,"File System Filter 'storqosflt' (10.0, ‎2007‎-‎04‎-‎09T10:08:30.000000000Z) has successfully loaded and registered with Filter Manager.",0,0,1,0,1,-0.030071099947657498,1
11/10/2025 5:17:45 AM,Microsoft-Windows-FilterManager,6,0,"File System Filter 'CldFlt' (10.0, ‎2084‎-‎11‎-‎24T23:15:59.000000000Z) has successfully loaded and registered with Filter Manager.",0,0,1,0,1,-0.02986458014466703,1
11/10/2025 5:17:45 AM,Microsoft-Windows-FilterManager,1,0,"File System Filter 'CldFlt' (Version 10.0, ‎2084‎-‎11‎-‎24T23:15:59.000000000Z) unloaded successfully.",0,0,1,0,1,-0.034321859755155115,1
11/10/2025 5:17:45 AM,Microsoft-Windows-FilterManager,6,0,"File System Filter 'CldFlt' (10.0, ‎2084‎-‎11‎-‎24T23:15:59.000000000Z) has successfully loaded and registered with Filter Manager.",0,0,1,0,1,-0.02986458014466703,1
11/10/2025 5:17:45 AM,Microsoft-Windows-Dhcp-Client,50103,0,DHCPv4 client registered for shutdown notification,0,0,1,0,1,-0.0340440232716987,1
11/10/2025 5:17:45 AM,Microsoft-Windows-Dhcp-Client,50036,0,DHCPv4 client service is started,0,0,1,0,1,-0.03296260698545872,1
11/10/2025 5:17:45 AM,Microsoft-Windows-FilterManager,6,0,"File System Filter 'wcifs' (10.0, ‎2004‎-‎03‎-‎22T09:56:15.000000000Z) has successfully loaded and registered with Filter Manager.",0,0,1,0,1,-0.028597894891599362,1
11/10/2025 5:17:45 AM,Microsoft-Windows-FilterManager,6,0,"File System Filter 'luafv' (10.0, ‎2062‎-‎02‎-‎02T19:11:58.000000000Z) has successfully loaded and registered with Filter Manager.",0,0,1,0,1,-0.028969597637680145,1
11/10/2025 5:17:43 AM,Microsoft-Windows-Kernel-General,16,0,The access history in hive \SystemRoot\System32\Config\BBI was cleared updating 1 keys and creating 1 modified pages.,0,0,1,0,1,-0.02970125784757649,1
11/10/2025 5:17:42 AM,Microsoft-Windows-Directory-Services-SAM,16977,0,"The domain is configured with the following minimum password length-related settings.

MinimumPasswordLength: 0

RelaxMinimumPasswordLengthLimits: 0

MinimumPasswordLengthAudit: -1

For more information see https://go.microsoft.com/fwlink/?LinkId=2097191.
",0,0,1,0,1,-0.03882555177187419,1
11/10/2025 5:17:26 AM,Microsoft-Windows-Directory-Services-SAM,16983,0,"The security account manager is now logging periodic summary events for remote clients that call legacy password change or set RPC methods.

For more information please see https://go.microsoft.com/fwlink/?linkid=2150956.
",0,0,1,0,1,-0.03920528827542896,1
11/10/2025 5:17:26 AM,Microsoft-Windows-Directory-Services-SAM,16977,0,"The domain is configured with the following minimum password length-related settings.

MinimumPasswordLength: 0

RelaxMinimumPasswordLengthLimits: 0

MinimumPasswordLengthAudit: -1

For more information see https://go.microsoft.com/fwlink/?LinkId=2097191.
",0,0,1,0,1,-0.03825837284074213,1
11/10/2025 5:17:26 AM,Microsoft-Windows-Directory-Services-SAM,16962,0,"Remote calls to the SAM database are being restricted using the default security descriptor: O:SYG:SYD:(A;;RC;;;BA).
For more information please see http://go.microsoft.com/fwlink/?LinkId=787651.",0,0,1,0,1,-0.0343270158866823,1
11/10/2025 5:17:25 AM,Microsoft-Windows-Wininit,14,0,"Credential Guard configuration: 0x0, 0",0,0,1,0,1,-0.03983084906569612,1
11/10/2025 5:17:23 AM,Microsoft-Windows-Kernel-General,24,11,The time zone information was refreshed with exit reason 0. Current time zone bias is 480.,0,0,1,0,1,-0.03101263887630279,1
11/10/2025 5:17:21 AM,Microsoft-Windows-Kernel-Power,521,220,Active battery count change.,0,0,1,0,1,-0.03623169989835212,1
11/10/2025 5:17:21 AM,Microsoft-Windows-Kernel-Processor-Power,55,47,"Processor 0 in group 0 exposes the following power management capabilities:

Idle state type: ACPI Idle (C) States (1 state(s))

Performance state type: None
Nominal Frequency (MHz): 2994
Maximum performance percentage: 100
Minimum performance percentage: 100
Minimum throttle percentage: 100",0,0,1,0,1,-0.03690865153050571,1
11/10/2025 5:17:21 AM,Microsoft-Windows-Kernel-Power,172,203,"Connectivity state in standby: Disconnected, Reason: NIC compliance",0,0,1,0,1,-0.029260170543126296,1
11/10/2025 5:17:21 AM,Microsoft-Windows-Ntfs,98,0,Volume \\?\Volume{8cf873f0-0000-0000-0000-100000000000} (\Device\HarddiskVolume1) is healthy.  No action is needed.,0,0,1,0,1,-0.040569994337673165,1
11/10/2025 5:17:21 AM,Microsoft-Windows-FilterManager,6,0,"File System Filter 'npsvctrig' (10.0, ‎2025‎-‎01‎-‎05T18:41:12.000000000Z) has successfully loaded and registered with Filter Manager.",0,0,1,0,1,-0.02919563474318232,1
11/10/2025 5:17:20 AM,Microsoft-Windows-FilterManager,6,0,"File System Filter 'FileCrypt' (10.0, ‎2002‎-‎03‎-‎01T03:12:42.000000000Z) has successfully loaded and registered with Filter Manager.",0,0,1,0,1,-0.030120176404594023,1
11/10/2025 5:17:20 AM,Microsoft-Windows-Ntfs,98,0,Volume C: (\Device\HarddiskVolume2) is healthy.  No action is needed.,0,0,1,0,1,-0.040569994337673165,1
11/10/2025 5:17:20 AM,Microsoft-Windows-FilterManager,6,0,"File System Filter 'WdFilter' (10.0, ‎2066‎-‎04‎-‎08T20:52:09.000000000Z) has successfully loaded and registered with Filter Manager.",0,0,1,0,1,-0.030354533172550213,1
11/10/2025 5:17:20 AM,Microsoft-Windows-FilterManager,6,0,"File System Filter 'Wof' (10.0, ‎2090‎-‎03‎-‎16T10:56:17.000000000Z) has successfully loaded and registered with Filter Manager.",0,0,1,0,1,-0.029240822025324242,1
11/10/2025 5:17:20 AM,Microsoft-Windows-FilterManager,6,0,"File System Filter 'FileInfo' (10.0, ‎2062‎-‎12‎-‎22T21:21:06.000000000Z) has successfully loaded and registered with Filter Manager.",0,0,1,0,1,-0.03125881172940176,1
11/10/2025 5:17:18 AM,Microsoft-Windows-HAL,16,0,The iommu fault reporting has been initialized.,0,0,1,0,1,-0.02845965665173983,1
11/10/2025 5:17:18 AM,Microsoft-Windows-Kernel-General,20,6,"The leap second configuration has been updated.
Reason: Leap second data initialized from registry during boot
Leap seconds enabled: true
New leap second count: 0
Old leap second count: 0",0,0,1,0,1,-0.03622535243391223,1
11/10/2025 5:17:18 AM,Microsoft-Windows-Kernel-Boot,32,58,The bootmgr spent 0 ms waiting for user input.,0,0,1,0,1,-0.037424899678625,1
11/10/2025 5:17:18 AM,Microsoft-Windows-Kernel-Boot,18,57,There are 0x1 boot options on this system.,0,0,1,0,1,-0.029282364499914892,1
11/10/2025 5:17:18 AM,Microsoft-Windows-Kernel-Boot,27,33,The boot type was 0x0.,0,0,1,0,1,-0.039063967007881895,1
11/10/2025 5:17:18 AM,Microsoft-Windows-Kernel-Boot,25,32,The boot menu policy was 0x1.,0,0,1,0,1,-0.03645790342797767,1
11/10/2025 5:17:18 AM,Microsoft-Windows-Kernel-Boot,153,62,Virtualization-based security (policies: 0) is disabled.,0,0,1,0,1,-0.028387267173453024,1
11/10/2025 5:17:18 AM,Microsoft-Windows-Kernel-General,12,1,The operating system started at system time ‎2025‎-‎11‎-‎09T23:47:18.611784400Z.,0,0,1,0,1,-0.03581428143156146,1
11/10/2025 5:17:44 AM,EventLog,6005,0,The Event log service was started.,0,0,1,0,1,-0.03710202356544734,1
11/10/2025 5:17:44 AM,EventLog,6009,0,Microsoft (R) Windows (R) 10.00. 19045  Multiprocessor Free.,0,0,1,0,1,-0.038635035019928765,1
